{"cameraMode":{"drawMode":0,"name":"Shaded","section":"Shading Mode"},"sceneLighting":true,"audioPlay":false,"sceneViewState":{"showFog":true,"showMaterialUpdate":false,"showSkybox":true,"showFlares":true,"showImageEffects":true,"showParticleSystems":true},"in2DMode":false,"pivot":{"x":652.591796875,"y":350.15643310546877,"z":39.820556640625},"rotation":{"x":-0.04079132527112961,"y":0.018580790609121324,"z":-0.0007590532768517733,"w":-0.9990021586418152},"size":514.5155029296875,"orthographic":false}